-- phpMyAdmin SQL Dump
-- version 5.1.1
-- https://www.phpmyadmin.net/
--
-- 主机： localhost
-- 生成日期： 2024-06-23 20:59:44
-- 服务器版本： 5.7.44-log
-- PHP 版本： 8.0.26

SET SQL_MODE = "NO_AUTO_VALUE_ON_ZERO";
START TRANSACTION;
SET time_zone = "+00:00";


/*!40101 SET @OLD_CHARACTER_SET_CLIENT=@@CHARACTER_SET_CLIENT */;
/*!40101 SET @OLD_CHARACTER_SET_RESULTS=@@CHARACTER_SET_RESULTS */;
/*!40101 SET @OLD_COLLATION_CONNECTION=@@COLLATION_CONNECTION */;
/*!40101 SET NAMES utf8mb4 */;

--
-- 数据库： `parking`
--

-- --------------------------------------------------------

--
-- 表的结构 `baseinfo`
--

CREATE TABLE `baseinfo` (
  `cfs` int(11) NOT NULL COMMENT '车位分区数量',
  `cws` int(11) NOT NULL COMMENT '每个分区车位数量',
  `ls` int(11) NOT NULL COMMENT '小区楼栋数',
  `dys` int(11) NOT NULL COMMENT '楼栋单元数',
  `cs` int(11) NOT NULL COMMENT '单元层数',
  `hs` int(11) NOT NULL COMMENT '层户数'
) ENGINE=MyISAM DEFAULT CHARSET=utf8;

--
-- 转存表中的数据 `baseinfo`
--

INSERT INTO `baseinfo` (`cfs`, `cws`, `ls`, `dys`, `cs`, `hs`) VALUES
(5, 400, 20, 5, 8, 4);

-- --------------------------------------------------------

--
-- 表的结构 `blackcar`
--

CREATE TABLE `blackcar` (
  `carID` varchar(10) NOT NULL,
  `time` datetime NOT NULL,
  `punish` text NOT NULL,
  `reason` text NOT NULL
) ENGINE=MyISAM DEFAULT CHARSET=utf8;

--
-- 转存表中的数据 `blackcar`
--

INSERT INTO `blackcar` (`carID`, `time`, `punish`, `reason`) VALUES
('赣O-V7133', '2023-03-11 21:15:31', '禁止进入该停车场15天', '停车超时'),
('赣S-H7891', '2023-12-12 14:13:32', '禁止进入该停车场1年', '长时间占用临时停车位'),
('赣X-U8710', '2021-07-14 17:54:29', '禁止进入该停车场2年', '阻碍交通'),
('赣X-O9099', '2023-10-21 20:24:26', '禁止进入该停车场365天', '占用残疾人专用车位'),
('赣P-D1445', '2020-02-29 17:05:41', '禁止进入该停车场3年', '违停占用消防通道'),
('赣E-J8510', '2023-12-09 09:49:17', '禁止进入该停车场365天', '占用残疾人专用车位'),
('赣Q-X4558', '2023-05-23 14:39:49', '禁止进入该停车场30天', '未按规定停车');

-- --------------------------------------------------------

--
-- 表的结构 `carinfo`
--

CREATE TABLE `carinfo` (
  `carID` varchar(10) NOT NULL,
  `color` varchar(10) DEFAULT NULL,
  `brand` varchar(10) DEFAULT NULL
) ENGINE=MyISAM DEFAULT CHARSET=utf8;

--
-- 转存表中的数据 `carinfo`
--

INSERT INTO `carinfo` (`carID`, `color`, `brand`) VALUES
('赣J-F9126', '橙色', '斯巴鲁'),
('赣T-S5472', '紫色', '阿尔法·罗密欧'),
('赣G-Z5242', '紫色', '克莱斯勒'),
('赣S-K0073', '红色', '斯巴鲁'),
('赣S-Y2237', '黑色', '比亚迪'),
('赣K-L4393', '橙色', '江淮'),
('赣J-K3620', '白色', '铃木'),
('赣L-V2902', '蓝色', '大众'),
('赣R-A2634', '紫色', '长安'),
('赣S-M2613', '黑色', '雷克萨斯'),
('赣E-Q3982', '黄色', '路虎'),
('赣N-F1821', '橙色', '吉利'),
('赣O-Y8862', '蓝色', '比亚迪'),
('赣J-H8730', '红色', '福特'),
('赣X-M4544', '黑色', '本田'),
('赣Y-U9653', '白色', '雪佛兰'),
('赣B-U9297', '蓝色', '江淮'),
('赣F-J1389', '黄色', '三菱'),
('赣P-F8369', '紫色', '奥迪'),
('赣N-B2947', '紫色', '吉利'),
('赣X-W7947', '黑色', '本田'),
('赣M-R3596', '白色', '英菲尼迪'),
('赣X-P4918', '黄色', '讴歌'),
('赣F-K6739', '红色', '奇瑞'),
('赣K-M9638', '蓝色', '特斯拉'),
('赣G-P6956', '橙色', '保时捷'),
('赣Z-Z8097', '黄色', '凯迪拉克'),
('赣I-Q2738', '黑色', '克莱斯勒'),
('赣W-W7659', '白色', '比亚迪'),
('赣E-Y0364', '橙色', '雪佛兰'),
('赣W-W0129', '黑色', '奥迪'),
('赣P-Z5936', '红色', '吉普'),
('赣A-M7918', '蓝色', '红旗'),
('赣U-L1317', '白色', '奇瑞'),
('赣F-B0835', '蓝色', '铃木'),
('赣H-O3212', '白色', '吉利'),
('赣B-V1144', '橙色', '克莱斯勒'),
('赣F-P0098', '紫色', '奥迪'),
('赣G-P1704', '红色', '红旗'),
('赣K-V0381', '红色', '丰田'),
('赣Q-X9478', '黄色', '尼桑'),
('赣L-Q3500', '紫色', '红旗'),
('赣V-H9057', '橙色', '大众'),
('赣M-M0230', '紫色', '雪佛兰'),
('赣O-V7133', '红色', '克莱斯勒'),
('赣W-K5694', '蓝色', '吉利'),
('赣N-G2994', '红色', '奇瑞'),
('赣H-R6692', '蓝色', '福特'),
('赣X-J1183', '黑色', '本田'),
('赣V-B7293', '紫色', '奔驰'),
('赣V-E1337', '红色', '别克'),
('赣Z-Z5978', '黄色', '马自达'),
('赣F-U5142', '蓝色', '奔驰'),
('赣L-Y5016', '黄色', '别克'),
('赣Y-W2968', '黑色', '本田'),
('赣C-Y0210', '紫色', '雷克萨斯'),
('赣F-F6119', '紫色', '吉普'),
('赣N-H7376', '红色', '凯迪拉克'),
('赣I-D2359', '白色', '本田'),
('赣K-C3796', '红色', '江淮'),
('赣V-W5833', '蓝色', '沃尔沃'),
('赣S-H7891', '红色', '斯巴鲁'),
('赣B-S5623', '黄色', '江淮'),
('赣P-D3375', '橙色', '奇瑞'),
('赣X-U6787', '紫色', '吉利'),
('赣K-C8615', '黑色', '大众'),
('赣Q-Y1730', '白色', '宝马'),
('赣X-X9023', '红色', '英菲尼迪'),
('赣O-Y7879', '橙色', '雷克萨斯'),
('赣L-S8960', '白色', '路虎'),
('赣K-D6778', '蓝色', '悍马'),
('赣I-T6089', '蓝色', '福特'),
('赣H-T8870', '橙色', '三菱'),
('赣R-P8265', '橙色', '大众'),
('赣Q-P1466', '黄色', '本田'),
('赣I-S2129', '蓝色', '丰田'),
('赣X-U8710', '黄色', '别克'),
('赣T-Q3808', '黄色', '奥迪'),
('赣S-R5855', '黄色', '玛莎拉蒂'),
('赣L-O1045', '蓝色', '长安'),
('赣X-O7745', '红色', '沃尔沃'),
('赣I-Z8402', '黑色', '英菲尼迪'),
('赣X-S6150', '白色', '长安'),
('赣F-C2825', '黄色', '日产'),
('赣R-G8853', '黄色', '阿尔法·罗密欧'),
('赣B-P9728', '红色', '奇瑞'),
('赣V-U5637', '黑色', '奔驰'),
('赣B-T6960', '紫色', '捷豹'),
('赣M-W2570', '黄色', '红旗'),
('赣W-G9674', '白色', '现代'),
('赣Z-E3742', '黑色', '捷豹'),
('赣C-E5437', '红色', '铃木'),
('赣D-P4402', '橙色', '福特'),
('赣L-N4864', '白色', '悍马'),
('赣N-Q5311', '蓝色', '江淮'),
('赣X-O9099', '白色', '本田'),
('赣T-C9169', '黄色', '江淮'),
('赣G-G9636', '黑色', '法拉利'),
('赣E-M9915', '蓝色', '斯柯达'),
('赣I-Q3677', '橙色', '斯柯达'),
('赣I-S5411', NULL, NULL),
('赣O-I3355', '白色', '雪佛兰'),
('赣K-S2701', '紫色', '林肯'),
('赣O-F2221', '橙色', '斯巴鲁'),
('赣R-F0251', '黄色', '铃木'),
('赣R-F6455', '蓝色', '捷豹'),
('赣X-O2785', '黄色', '法拉利'),
('赣P-M8312', '黄色', '雪佛兰'),
('赣F-H4810', '黄色', '英菲尼迪'),
('赣C-R4076', '黄色', '捷豹'),
('赣K-F7691', '橙色', '长安'),
('赣E-Q9146', '橙色', '菲亚特'),
('赣F-M0372', '红色', '讴歌'),
('赣D-Y5146', '黑色', '丰田'),
('赣J-J7916', '黄色', '捷豹'),
('赣L-N9353', '橙色', '雪佛兰'),
('赣E-F9242', '蓝色', '吉普'),
('赣F-S3158', '黑色', '英菲尼迪'),
('赣G-A4745', '红色', '起亚'),
('赣A-B1582', '红色', '本田'),
('赣G-Z9897', '白色', '丰田'),
('赣O-R2811', '橙色', '本田'),
('赣F-C1052', '橙色', '吉普'),
('赣C-P8353', '黄色', '现代'),
('赣B-Q5280', '白色', '江淮'),
('赣F-K7430', '橙色', '本田'),
('赣M-E7799', '白色', '奥迪'),
('赣S-E3575', '橙色', '日产'),
('赣O-B4819', '黑色', '江淮'),
('赣D-L7650', '紫色', '马自达'),
('赣H-V1549', '橙色', '菲亚特'),
('赣R-F0338', '红色', '雷克萨斯'),
('赣E-A2933', '黄色', '沃尔沃'),
('赣A-V6006', '橙色', '道奇'),
('赣Z-B4696', '紫色', '奇瑞'),
('赣T-A0758', '红色', '大众'),
('赣D-W7449', '橙色', '克莱斯勒'),
('赣A-H4044', '紫色', '捷豹'),
('赣K-X2617', '黄色', '奇瑞'),
('赣O-R9864', '红色', '丰田'),
('赣E-Z3227', '红色', '斯柯达'),
('赣F-H8728', '白色', '铃木'),
('赣P-D1445', '黑色', '奥迪'),
('赣C-A3454', '黑色', '起亚'),
('赣B-W4502', '蓝色', '奇瑞'),
('赣F-V7911', '白色', '克莱斯勒'),
('赣Z-I6128', '黑色', '林肯'),
('赣M-H9450', '黑色', '林肯'),
('赣X-E9120', '红色', '玛莎拉蒂'),
('赣E-J8510', '黑色', '奇瑞'),
('赣D-X2635', '蓝色', '大众'),
('赣Q-X4558', '白色', '马自达'),
('赣T-B9954', '蓝色', '三菱'),
('赣G-P3879', '白色', '斯巴鲁'),
('赣B-G6063', '蓝色', '路虎'),
('赣Y-K3174', '白色', '本田'),
('k', NULL, NULL);

-- --------------------------------------------------------

--
-- 表的结构 `fees`
--

CREATE TABLE `fees` (
  `timeType` float NOT NULL,
  `fee` float NOT NULL
) ENGINE=MyISAM DEFAULT CHARSET=utf8;

--
-- 转存表中的数据 `fees`
--

INSERT INTO `fees` (`timeType`, `fee`) VALUES
(0.5, 2),
(2, 5),
(4, 10),
(8, 15),
(14, 20),
(24, 30);

-- --------------------------------------------------------

--
-- 表的结构 `manager`
--

CREATE TABLE `manager` (
  `username` varchar(20) NOT NULL,
  `passwd` varchar(20) NOT NULL,
  `isadmin` tinyint(1) DEFAULT '0'
) ENGINE=MyISAM DEFAULT CHARSET=utf8;

--
-- 转存表中的数据 `manager`
--

INSERT INTO `manager` (`username`, `passwd`, `isadmin`) VALUES
('admin', 'password', 1),
('test', '1234', 0),
('114514', '114514', 0);

-- --------------------------------------------------------

--
-- 表的结构 `maninfo`
--

CREATE TABLE `maninfo` (
  `name` varchar(10) DEFAULT NULL,
  `stallID` varchar(5) DEFAULT NULL,
  `carID` varchar(10) NOT NULL,
  `phone` varchar(15) DEFAULT NULL,
  `address` varchar(30) DEFAULT NULL,
  `taoc` int(11) NOT NULL DEFAULT '0'
) ENGINE=MyISAM DEFAULT CHARSET=utf8;

--
-- 转存表中的数据 `maninfo`
--

INSERT INTO `maninfo` (`name`, `stallID`, `carID`, `phone`, `address`, `taoc`) VALUES
('张凤兰', '02360', '赣T-S5472', '14755044150', '8栋5单元302', 0),
('孙成', '02129', '赣G-Z5242', '13168353952', '3栋5单元401', 0),
('熊玉华', '02357', '赣S-K0073', '13473231286', '18栋1单元802', 0),
('汪涛', '01223', '赣S-M2613', '13466399740', '12栋3单元703', 0),
('高岩', '02083', '赣N-F1821', '15815858794', '1栋5单元503', 0),
('黄红', '02145', '赣X-P4918', '13194579208', '8栋5单元403', 0),
('潘岩', '02177', '赣Z-Z8097', '14701591544', '13栋5单元804', 0),
('乐玉兰', '01146', '赣I-Q2738', '18689658871', '7栋5单元502', 0),
('秦梅', '02120', '赣A-M7918', '15065247737', '10栋5单元804', 0),
('阎桂芝', '02207', '赣U-L1317', '14500759033', '1栋2单元402', 0),
('张娜', '01338', '赣F-B0835', '15741686834', '10栋5单元601', 0),
('王颖', '01294', '赣H-O3212', '15879991847', '13栋1单元401', 0),
('张桂兰', '01103', '赣F-P0098', '13829643186', '9栋1单元304', 0),
('李兰英', '01088', '赣K-V0381', '15277106796', '6栋5单元303', 0),
('李建华', '01044', '赣V-H9057', '13705219561', '11栋3单元301', 0),
('贺丽', '02111', '赣W-K5694', '13025903850', '2栋3单元204', 0),
('杨峰', '01244', '赣Y-W2968', '13700238398', '4栋5单元701', 0),
('杨晶', '01400', '赣V-W5833', '15192046917', '14栋2单元503', 0),
('陈峰', '02335', '赣Q-Y1730', '15211266319', '16栋5单元703', 0),
('张秀珍', '02262', '赣H-T8870', '14575489846', '2栋2单元802', 0),
('吴洋', '01249', '赣R-P8265', '18235089001', '12栋2单元102', 0),
('隆洁', '01370', '赣Q-P1466', '13116874424', '5栋2单元404', 0),
('黄玉英', '01348', '赣I-S2129', '13309792988', '1栋3单元603', 0),
('吴莹', '01267', '赣T-Q3808', '13391844284', '17栋2单元603', 0),
('张婷', '02191', '赣S-R5855', '13579135660', '12栋5单元504', 0),
('吴坤', '01060', '赣X-S6150', '18738442214', '16栋5单元604', 0),
('刘鑫', '01011', '赣F-C2825', '15914446982', '14栋4单元303', 0),
('陈亮', '01210', '赣R-G8853', '15913649965', '4栋5单元504', 0),
('朱雷', '02199', '赣B-P9728', '18081780453', '13栋3单元401', 0),
('李荣', '02225', '赣V-U5637', '13510778003', '4栋1单元204', 0),
('计晨', '01262', '赣B-T6960', '15550852288', '13栋4单元601', 0),
('袁杨', '02198', '赣M-W2570', '14734689157', '19栋5单元801', 0),
('李峰', '01227', '赣C-E5437', '15938697455', '16栋5单元802', 0),
('任丹', '02015', '赣L-N4864', '13685897652', '18栋1单元203', 0),
('方刚', '02244', '赣N-Q5311', '18269636283', '18栋3单元404', 0),
('黄秀英', '02255', '赣T-C9169', '18661315083', '18栋1单元103', 0),
('张英', '02041', '赣G-G9636', '15054288812', '8栋4单元702', 0),
('贺鑫', '02137', '赣I-S5411', '18027213970', '14栋4单元503', 10),
('孙建', '01026', '赣O-I3355', '13271204232', '11栋3单元803', 0),
('李成', '01391', '赣R-F0251', '13281019889', '2栋3单元403', 0),
('叶秀芳', '02087', '赣P-M8312', '18284745595', '6栋1单元304', 0),
('李桂芳', '02091', '赣K-F7691', '13202728227', '1栋4单元204', 0),
('吕玉梅', '01243', '赣F-M0372', '14509745058', '2栋4单元104', 0),
('杨桂花', '02396', '赣J-J7916', '13123025050', '7栋3单元301', 0),
('李畅', '02211', '赣E-F9242', '15069441023', '11栋4单元103', 0),
('祝秀英', '01136', '赣A-B1582', '14762565462', '2栋4单元604', 0),
('张英', '02340', '赣G-Z9897', '18207478048', '13栋4单元201', 0),
('贺晨', '01337', '赣O-R2811', '18856627306', '4栋5单元103', 0),
('郑刚', '01291', '赣C-P8353', '13127811480', '14栋3单元301', 0),
('张淑珍', '01321', '赣B-Q5280', '13708910006', '2栋4单元502', 0),
('张鑫', '02228', '赣M-E7799', '14538872472', '3栋2单元204', 0),
('罗秀云', '01183', '赣S-E3575', '14776459910', '12栋5单元701', 0),
('杜飞', '02075', '赣O-B4819', '18849300432', '4栋1单元302', 0),
('赵柳', '02326', '赣D-L7650', '13940807399', '2栋5单元301', 0),
('何艳', '01109', '赣A-V6006', '13429956210', '3栋1单元703', 0),
('潘玉华', '02152', '赣Z-B4696', '13372133341', '12栋3单元503', 0),
('徐龙', '01224', '赣D-W7449', '13911418628', '15栋4单元303', 0),
('邓艳', '02355', '赣K-X2617', '18925448307', '4栋4单元803', 0),
('张云', '02212', '赣C-A3454', '18615420001', '8栋3单元403', 0),
('张刚', '01394', '赣F-V7911', '14788726573', '3栋1单元101', 0),
('蒋艳', '01110', '赣M-H9450', '18207341667', '18栋2单元503', 0),
('曾林', '02383', '赣X-E9120', '18110061172', '11栋2单元102', 0),
('田慧', '02259', '赣D-X2635', '15106716092', '10栋5单元802', 0),
('李桂香', '01238', '赣T-B9954', '13643171944', '1栋4单元401', 0),
('林玉', '02286', '赣G-P3879', '18687927912', '16栋5单元201', 0),
('王秀英', '02316', '赣B-G6063', '18266055589', '14栋1单元502', 0),
('k', 'k', 'k', 'k', 'k', 28);

-- --------------------------------------------------------

--
-- 表的结构 `parkingnote`
--

CREATE TABLE `parkingnote` (
  `stallID` varchar(5) NOT NULL,
  `carID` varchar(10) NOT NULL,
  `carIn` datetime NOT NULL,
  `carOut` datetime DEFAULT NULL,
  `time` varchar(20) DEFAULT NULL COMMENT '时间段',
  `money` int(11) DEFAULT '0'
) ENGINE=MyISAM DEFAULT CHARSET=utf8;

--
-- 转存表中的数据 `parkingnote`
--

INSERT INTO `parkingnote` (`stallID`, `carID`, `carIn`, `carOut`, `time`, `money`) VALUES
('06283', '赣J-F9126', '2020-05-20 00:01:42', '2020-05-20 18:10:42', '18:09:00', 20),
('02360', '赣T-S5472', '2020-08-21 10:37:03', '2020-08-21 11:14:03', '00:37:00', 0),
('02129', '赣G-Z5242', '2020-06-18 06:50:15', '2020-06-18 07:07:15', '00:17:00', 0),
('02357', '赣S-K0073', '2020-11-28 04:25:15', '2020-11-28 18:55:15', '14:30:00', 0),
('05256', '赣S-Y2237', '2020-08-01 16:05:20', '2020-08-01 17:30:20', '01:25:00', 2),
('05190', '赣K-L4393', '2021-07-21 21:47:28', '2021-07-22 17:40:28', '19:53:00', 20),
('06281', '赣J-K3620', '2023-03-10 11:44:44', '2023-03-10 17:02:44', '05:18:00', 10),
('04110', '赣L-V2902', '2022-04-28 23:17:41', '2022-04-29 16:49:41', '17:32:00', 20),
('03359', '赣R-A2634', '2020-03-19 07:35:40', '2020-03-19 12:02:40', '04:27:00', 10),
('01223', '赣S-M2613', '2021-12-09 20:34:02', '2021-12-10 10:40:02', '14:06:00', 0),
('05285', '赣E-Q3982', '2020-06-11 23:09:19', '2020-06-12 21:06:19', '21:57:00', 20),
('02083', '赣N-F1821', '2022-11-02 22:52:19', '2022-11-03 10:51:19', '11:59:00', 0),
('03173', '赣O-Y8862', '2022-03-15 02:15:54', '2022-03-15 16:14:54', '13:59:00', 15),
('03338', '赣J-H8730', '2021-09-19 21:10:40', '2021-09-20 03:49:40', '06:39:00', 10),
('04155', '赣X-M4544', '2020-08-10 13:58:18', '2020-08-11 07:59:18', '18:01:00', 20),
('05137', '赣Y-U9653', '2022-03-07 15:56:01', '2022-03-08 14:04:01', '22:08:00', 20),
('03124', '赣B-U9297', '2020-11-05 21:35:59', '2020-11-06 15:41:59', '18:06:00', 20),
('05358', '赣F-J1389', '2021-11-11 14:53:53', '2021-11-12 00:24:53', '09:31:00', 15),
('03091', '赣P-F8369', '2023-01-23 09:55:21', '2023-01-24 08:16:21', '22:21:00', 20),
('06290', '赣N-B2947', '2020-06-12 17:29:58', '2020-06-13 13:39:58', '20:10:00', 20),
('03062', '赣X-W7947', '2020-11-07 19:14:04', '2020-11-08 05:12:04', '09:58:00', 15),
('05063', '赣M-R3596', '2020-09-24 23:11:46', '2020-09-25 22:55:46', '23:44:00', 20),
('02145', '赣X-P4918', '2020-07-04 12:58:17', '2020-07-04 17:03:17', '04:05:00', 0),
('03396', '赣F-K6739', '2021-02-27 23:19:51', '2021-02-28 10:28:51', '11:09:00', 15),
('03231', '赣K-M9638', '2023-05-07 13:25:59', '2023-05-08 00:46:59', '11:21:00', 15),
('04239', '赣G-P6956', '2021-11-11 18:35:26', '2021-11-11 18:59:26', '00:24:00', 30),
('02177', '赣Z-Z8097', '2021-01-03 03:58:58', '2021-01-03 16:36:58', '12:38:00', 0),
('01146', '赣I-Q2738', '2022-08-09 02:04:25', '2022-08-09 20:56:25', '18:52:00', 0),
('05310', '赣W-W7659', '2021-01-15 16:47:59', '2021-01-16 00:59:59', '08:12:00', 15),
('05144', '赣E-Y0364', '2023-03-20 20:55:35', '2023-03-21 19:37:35', '22:42:00', 20),
('04193', '赣W-W0129', '2022-05-08 04:10:12', '2022-05-08 09:35:12', '05:25:00', 10),
('04243', '赣P-Z5936', '2020-06-06 08:10:14', '2020-06-07 02:07:14', '17:57:00', 20),
('02120', '赣A-M7918', '2023-05-04 19:32:50', '2023-05-05 05:09:50', '09:37:00', 0),
('02207', '赣U-L1317', '2020-09-26 07:22:09', '2020-09-26 11:32:09', '04:10:00', 0),
('01338', '赣F-B0835', '2021-02-17 21:58:02', '2021-02-18 05:35:02', '07:37:00', 0),
('01294', '赣H-O3212', '2021-08-15 19:40:11', '2021-08-16 13:22:11', '17:42:00', 0),
('04017', '赣B-V1144', '2023-02-21 01:53:38', '2023-02-22 00:06:38', '22:13:00', 20),
('01103', '赣F-P0098', '2022-07-04 02:57:11', '2022-07-04 06:43:11', '03:46:00', 0),
('05288', '赣G-P1704', '2021-12-10 00:09:54', '2021-12-10 11:51:54', '11:42:00', 15),
('01088', '赣K-V0381', '2023-03-28 15:57:36', '2023-03-28 17:31:36', '01:34:00', 0),
('04107', '赣Q-X9478', '2020-12-12 22:41:12', '2020-12-13 14:55:12', '16:14:00', 20),
('03014', '赣L-Q3500', '2023-05-20 04:17:47', '2023-05-20 22:18:47', '18:01:00', 20),
('01044', '赣V-H9057', '2023-09-11 06:51:02', '2023-09-11 17:51:02', '11:00:00', 0),
('05250', '赣M-M0230', '2020-08-23 17:40:23', '2020-08-24 08:30:23', '14:50:00', 20),
('04292', '赣O-V7133', '2023-03-11 08:16:31', '2023-03-11 21:15:31', '12:59:00', 15),
('02111', '赣W-K5694', '2022-05-04 09:27:41', '2022-05-05 07:42:41', '22:15:00', 0),
('04010', '赣N-G2994', '2022-05-06 19:08:35', '2022-05-07 12:11:35', '17:03:00', 20),
('04358', '赣H-R6692', '2022-08-29 06:12:55', '2022-08-30 03:24:55', '21:12:00', 20),
('05126', '赣X-J1183', '2022-12-15 05:52:19', '2022-12-15 19:13:19', '13:21:00', 15),
('04341', '赣V-B7293', '2020-07-06 14:28:58', '2020-07-06 14:41:58', '00:13:00', 30),
('05381', '赣V-E1337', '2021-11-06 17:10:33', '2021-11-06 23:23:33', '06:13:00', 10),
('03188', '赣Z-Z5978', '2021-11-11 12:30:04', '2021-11-12 06:34:04', '18:04:00', 20),
('04197', '赣F-U5142', '2023-09-25 11:39:03', '2023-09-26 07:41:03', '20:02:00', 20),
('05315', '赣L-Y5016', '2020-10-05 18:00:12', '2020-10-05 20:44:12', '02:44:00', 5),
('01244', '赣Y-W2968', '2021-04-27 22:37:54', '2021-04-28 18:46:54', '20:09:00', 0),
('05280', '赣C-Y0210', '2021-09-22 12:09:09', '2021-09-23 09:24:09', '21:15:00', 20),
('03035', '赣F-F6119', '2020-06-26 02:38:18', '2020-06-26 16:03:18', '13:25:00', 15),
('05143', '赣N-H7376', '2020-06-09 23:34:09', '2020-06-10 16:54:09', '17:20:00', 20),
('03225', '赣I-D2359', '2022-12-20 07:08:11', '2022-12-21 04:01:11', '20:53:00', 20),
('04343', '赣K-C3796', '2020-10-15 08:05:57', '2020-10-15 14:33:57', '06:28:00', 10),
('01400', '赣V-W5833', '2021-05-06 23:49:26', '2021-05-07 22:26:26', '22:37:00', 0),
('03222', '赣S-H7891', '2023-12-12 10:50:32', '2023-12-12 14:13:32', '03:23:00', 5),
('04012', '赣B-S5623', '2021-08-21 07:49:52', '2021-08-21 21:19:52', '13:30:00', 15),
('03217', '赣P-D3375', '2023-09-11 08:13:17', '2023-09-11 22:07:17', '13:54:00', 15),
('04295', '赣X-U6787', '2021-05-29 09:55:33', '2021-05-30 06:22:33', '20:27:00', 20),
('03085', '赣K-C8615', '2020-02-10 19:12:30', '2020-02-11 17:06:30', '21:54:00', 20),
('02335', '赣Q-Y1730', '2023-02-23 05:41:40', '2023-02-23 12:29:40', '06:48:00', 0),
('04196', '赣X-X9023', '2022-03-18 16:03:20', '2022-03-18 23:56:20', '07:53:00', 10),
('03115', '赣O-Y7879', '2021-09-14 08:11:15', '2021-09-15 01:41:15', '17:30:00', 20),
('05200', '赣L-S8960', '2020-10-21 08:41:38', '2020-10-21 11:17:38', '02:36:00', 5),
('04224', '赣K-D6778', '2023-10-05 00:58:32', '2023-10-05 08:09:32', '07:11:00', 10),
('03125', '赣I-T6089', '2022-11-02 22:30:30', '2022-11-03 00:31:30', '02:01:00', 5),
('02262', '赣H-T8870', '2022-07-31 21:03:11', '2022-08-01 08:43:11', '11:40:00', 0),
('01249', '赣R-P8265', '2022-01-21 23:51:09', '2022-01-22 00:40:09', '00:49:00', 0),
('01370', '赣Q-P1466', '2023-03-25 00:16:14', '2023-03-25 15:52:14', '15:36:00', 0),
('01348', '赣I-S2129', '2021-03-16 15:46:58', '2021-03-17 11:39:58', '19:53:00', 0),
('05160', '赣X-U8710', '2021-07-13 23:46:29', '2021-07-14 17:54:29', '18:08:00', 20),
('01267', '赣T-Q3808', '2021-08-16 18:12:10', '2021-08-16 19:20:10', '01:08:00', 0),
('02191', '赣S-R5855', '2023-09-02 16:59:25', '2023-09-03 13:50:25', '20:51:00', 0),
('03398', '赣L-O1045', '2021-08-22 03:11:08', '2021-08-22 08:08:08', '04:57:00', 10),
('04241', '赣X-O7745', '2020-11-07 21:27:05', '2020-11-08 07:55:05', '10:28:00', 15),
('03287', '赣I-Z8402', '2023-09-07 11:50:39', '2023-09-08 07:38:39', '19:48:00', 20),
('01060', '赣X-S6150', '2021-09-07 13:25:16', '2021-09-07 13:32:16', '00:07:00', 0),
('01011', '赣F-C2825', '2021-04-13 21:15:42', '2021-04-13 23:20:42', '02:05:00', 0),
('01210', '赣R-G8853', '2021-04-16 19:49:53', '2021-04-17 06:26:53', '10:37:00', 0),
('02199', '赣B-P9728', '2022-07-27 01:21:47', '2022-07-27 06:29:47', '05:08:00', 0),
('02225', '赣V-U5637', '2023-08-17 14:00:26', '2023-08-18 01:01:26', '11:01:00', 0),
('01262', '赣B-T6960', '2021-11-17 13:07:07', '2021-11-18 06:27:07', '17:20:00', 0),
('02198', '赣M-W2570', '2021-03-30 16:48:39', '2021-03-31 04:46:39', '11:58:00', 0),
('04226', '赣W-G9674', '2021-01-08 13:47:18', '2021-01-08 23:51:18', '10:04:00', 15),
('05117', '赣Z-E3742', '2021-01-02 10:07:27', '2021-01-03 07:39:27', '21:32:00', 20),
('01227', '赣C-E5437', '2022-10-01 13:57:43', '2022-10-02 09:35:43', '19:38:00', 0),
('05231', '赣D-P4402', '2020-02-10 01:46:44', '2020-02-10 10:35:44', '08:49:00', 15),
('02015', '赣L-N4864', '2022-08-18 06:48:42', '2022-08-19 00:43:42', '17:55:00', 0),
('02244', '赣N-Q5311', '2020-09-24 05:45:52', '2020-09-25 01:39:52', '19:54:00', 0),
('05087', '赣X-O9099', '2023-10-21 00:01:26', '2023-10-21 20:24:26', '20:23:00', 20),
('02255', '赣T-C9169', '2021-10-06 16:14:02', '2021-10-07 03:38:02', '11:24:00', 0),
('02041', '赣G-G9636', '2023-03-22 16:17:18', '2023-03-23 03:43:18', '11:26:00', 0),
('05185', '赣E-M9915', '2020-11-03 13:25:45', '2020-11-03 23:23:45', '09:58:00', 15),
('05139', '赣I-Q3677', '2022-10-08 09:49:22', '2022-10-08 12:32:22', '02:43:00', 5),
('22', '22', '2024-06-18 13:58:30', '2024-06-18 13:58:36', '00:00:06', 0),
('22', '22', '2024-06-18 14:02:11', '2024-06-18 14:02:16', '00:03:46', 0),
('22', '22', '2024-06-18 14:02:21', '2024-06-18 14:02:25', '00:03:55', 0),
('22', '22', '2024-06-18 14:26:35', '2024-06-18 14:26:45', '00:28:15', 0),
('01026', '赣O-I3355', '2023-11-21 22:19:01', '2023-11-21 23:19:01', '01:00:00', 0),
('03179', '赣K-S2701', '2021-04-01 03:59:24', '2021-04-01 21:16:24', '17:17:00', 20),
('03340', '赣O-F2221', '2020-01-07 14:23:49', '2020-01-08 12:17:49', '21:54:00', 20),
('01391', '赣R-F0251', '2020-03-06 03:58:45', '2020-03-06 16:41:45', '12:43:00', 0),
('04164', '赣X-O2785', '2022-05-16 12:17:52', '2022-05-16 13:50:52', '01:33:00', 2),
('02087', '赣P-M8312', '2021-06-14 07:06:34', '2021-06-15 06:06:34', '23:00:00', 0),
('05191', '赣F-H4810', '2020-04-07 22:05:57', '2020-04-08 12:19:57', '14:14:00', 20),
('04030', '赣C-R4076', '2023-03-02 05:19:51', '2023-03-02 21:24:51', '16:05:00', 20),
('02091', '赣K-F7691', '2023-12-25 15:26:59', '2023-12-25 21:00:59', '05:34:00', 0),
('03120', '赣E-Q9146', '2023-05-08 13:30:26', '2023-05-08 21:12:26', '07:42:00', 10),
('01243', '赣F-M0372', '2021-06-28 22:26:38', '2021-06-29 02:20:38', '03:54:00', 0),
('03070', '赣D-Y5146', '2021-10-25 11:49:39', '2021-10-26 11:40:39', '23:51:00', 20),
('02396', '赣J-J7916', '2021-01-05 19:04:31', '2021-01-06 00:58:31', '05:54:00', 0),
('04309', '赣L-N9353', '2023-02-11 10:43:41', '2023-02-11 19:30:41', '08:47:00', 15),
('02211', '赣E-F9242', '2021-03-02 08:17:08', '2021-03-02 23:44:08', '15:27:00', 0),
('04388', '赣F-S3158', '2022-08-16 00:28:25', '2022-08-16 14:06:25', '13:38:00', 15),
('05274', '赣G-A4745', '2020-12-02 23:16:44', '2020-12-03 14:26:44', '15:10:00', 20),
('01136', '赣A-B1582', '2023-04-28 03:06:40', '2023-04-28 05:16:40', '02:10:00', 0),
('02340', '赣G-Z9897', '2022-07-23 18:38:31', '2022-07-23 23:15:31', '04:37:00', 0),
('01337', '赣O-R2811', '2023-11-07 09:31:40', '2023-11-08 06:30:40', '20:59:00', 0),
('05302', '赣F-C1052', '2021-11-12 16:35:12', '2021-11-12 22:51:12', '06:16:00', 10),
('01291', '赣C-P8353', '2023-05-17 20:15:22', '2023-05-18 01:45:22', '05:30:00', 0),
('01321', '赣B-Q5280', '2022-11-22 01:21:19', '2022-11-22 22:32:19', '21:11:00', 0),
('03119', '赣F-K7430', '2023-02-28 11:15:14', '2023-03-01 04:23:14', '17:08:00', 20),
('02228', '赣M-E7799', '2023-01-11 14:22:10', '2023-01-12 03:57:10', '13:35:00', 0),
('01183', '赣S-E3575', '2021-03-16 00:26:18', '2021-03-16 15:44:18', '15:18:00', 0),
('02075', '赣O-B4819', '2023-10-07 01:16:36', '2023-10-07 07:01:36', '05:45:00', 0),
('02326', '赣D-L7650', '2021-08-04 17:26:24', '2021-08-04 22:24:24', '04:58:00', 0),
('04011', '赣H-V1549', '2022-10-23 04:08:25', '2022-10-23 20:32:25', '16:24:00', 20),
('05350', '赣R-F0338', '2021-08-29 21:12:27', '2021-08-30 00:29:27', '03:17:00', 5),
('03001', '赣E-A2933', '2023-01-19 10:19:00', '2023-01-19 17:03:00', '06:44:00', 10),
('01109', '赣A-V6006', '2020-05-30 12:24:06', '2020-05-31 09:42:06', '21:18:00', 0),
('02152', '赣Z-B4696', '2020-09-15 15:49:13', '2020-09-15 16:13:13', '00:24:00', 0),
('04043', '赣T-A0758', '2020-03-25 10:19:13', '2020-03-25 19:36:13', '09:17:00', 15),
('01224', '赣D-W7449', '2020-04-06 05:43:23', '2020-04-06 09:55:23', '04:12:00', 0),
('04305', '赣A-H4044', '2022-08-05 21:08:36', '2022-08-06 02:50:36', '05:42:00', 10),
('02355', '赣K-X2617', '2023-10-22 13:14:40', '2023-10-23 09:36:40', '20:22:00', 0),
('04354', '赣O-R9864', '2022-11-27 08:20:11', '2022-11-28 01:13:11', '16:53:00', 20),
('03080', '赣E-Z3227', '2020-01-03 08:50:30', '2020-01-03 20:56:30', '12:06:00', 15),
('03295', '赣F-H8728', '2022-07-23 14:43:34', '2022-07-24 13:34:34', '22:51:00', 20),
('04045', '赣P-D1445', '2020-02-28 17:09:41', '2020-02-29 17:05:41', '23:56:00', 20),
('02212', '赣C-A3454', '2021-04-27 01:40:56', '2021-04-27 07:30:56', '05:50:00', 0),
('05148', '赣B-W4502', '2021-07-23 17:37:52', '2021-07-24 12:25:52', '18:48:00', 20),
('01394', '赣F-V7911', '2021-08-28 07:25:32', '2021-08-29 00:47:32', '17:22:00', 0),
('03395', '赣Z-I6128', '2023-05-18 06:27:28', '2023-05-18 19:30:28', '13:03:00', 15),
('01110', '赣M-H9450', '2023-10-08 04:28:25', '2023-10-08 07:44:25', '03:16:00', 0),
('02383', '赣X-E9120', '2023-02-24 22:35:02', '2023-02-25 00:10:02', '01:35:00', 0),
('04366', '赣E-J8510', '2023-12-09 02:56:17', '2023-12-09 09:49:17', '06:53:00', 10),
('02259', '赣D-X2635', '2023-07-28 03:15:26', '2023-07-28 09:16:26', '06:01:00', 0),
('05330', '赣Q-X4558', '2023-05-23 11:20:49', '2023-05-23 14:39:49', '03:19:00', 5),
('01238', '赣T-B9954', '2020-05-22 04:37:09', '2020-05-22 16:38:09', '12:01:00', 0),
('02286', '赣G-P3879', '2021-08-30 01:27:33', '2021-08-30 19:57:33', '18:30:00', 0),
('02316', '赣B-G6063', '2022-09-16 16:04:12', '2022-09-17 03:18:12', '11:14:00', 0),
('04360', '赣Y-K3174', '2020-11-01 19:23:25', '2020-11-01 20:54:25', '01:31:00', 2),
('22', '22', '2024-06-18 14:47:25', '2024-06-18 14:47:36', '00:49:06', 0),
('23', '22', '2024-06-18 14:47:54', NULL, NULL, 0),
('22', '22', '2024-06-18 14:48:28', NULL, NULL, 0);

-- --------------------------------------------------------

--
-- 表的结构 `stall`
--

CREATE TABLE `stall` (
  `stallID` varchar(5) NOT NULL,
  `carID` varchar(10) DEFAULT NULL COMMENT '车牌',
  `space` varchar(30) DEFAULT NULL,
  `isfixed` tinyint(1) NOT NULL DEFAULT '0'
) ENGINE=MyISAM DEFAULT CHARSET=utf8;

--
-- 转存表中的数据 `stall`
--

INSERT INTO `stall` (`stallID`, `carID`, `space`, `isfixed`) VALUES
('06283', ' ', 'F区283号', 0),
('02360', '赣T-S5472', 'B区360号', 1),
('02129', '赣G-Z5242', 'B区129号', 1),
('02357', '赣S-K0073', 'B区357号', 1),
('05256', ' ', 'E区256号', 0),
('05190', ' ', 'E区190号', 0),
('06281', ' ', 'F区281号', 0),
('04110', ' ', 'D区110号', 0),
('03359', ' ', 'C区359号', 0),
('01223', '赣S-M2613', 'A区223号', 1),
('05285', ' ', 'E区285号', 0),
('02083', '赣N-F1821', 'B区083号', 1),
('03173', ' ', 'C区173号', 0),
('03338', ' ', 'C区338号', 0),
('04155', ' ', 'D区155号', 0),
('05137', ' ', 'E区137号', 0),
('03124', ' ', 'C区124号', 0),
('05358', ' ', 'E区358号', 0),
('03091', ' ', 'C区091号', 0),
('06290', ' ', 'F区290号', 0),
('03062', ' ', 'C区062号', 0),
('05063', ' ', 'E区063号', 0),
('02145', '赣X-P4918', 'B区145号', 1),
('03396', ' ', 'C区396号', 0),
('03231', ' ', 'C区231号', 0),
('04239', ' ', 'D区239号', 0),
('02177', '赣Z-Z8097', 'B区177号', 1),
('01146', '赣I-Q2738', 'A区146号', 1),
('05310', ' ', 'E区310号', 0),
('05144', ' ', 'E区144号', 0),
('04193', ' ', 'D区193号', 0),
('04243', ' ', 'D区243号', 0),
('02120', '赣A-M7918', 'B区120号', 1),
('02207', '赣U-L1317', 'B区207号', 1),
('01338', '赣F-B0835', 'A区338号', 1),
('01294', '赣H-O3212', 'A区294号', 1),
('04017', ' ', 'D区017号', 0),
('01103', '赣F-P0098', 'A区103号', 1),
('05288', ' ', 'E区288号', 0),
('01088', '赣K-V0381', 'A区088号', 1),
('04107', ' ', 'D区107号', 0),
('03014', ' ', 'C区014号', 0),
('01044', '赣V-H9057', 'A区044号', 1),
('05250', ' ', 'E区250号', 0),
('04292', ' ', 'D区292号', 0),
('02111', '赣W-K5694', 'B区111号', 1),
('04010', ' ', 'D区010号', 0),
('04358', ' ', 'D区358号', 0),
('05126', ' ', 'E区126号', 0),
('04341', ' ', 'D区341号', 0),
('03501', '赣E-L6905', 'C区501号', 0),
('01000', '赣E-L6905', 'A区000号', 1),
('05381', ' ', 'E区381号', 0),
('03188', ' ', 'C区188号', 0),
('04197', ' ', 'D区197号', 0),
('05315', ' ', 'E区315号', 0),
('01244', '赣Y-W2968', 'A区244号', 1),
('05280', ' ', 'E区280号', 0),
('03035', ' ', 'C区035号', 0),
('05143', ' ', 'E区143号', 0),
('03225', ' ', 'C区225号', 0),
('04343', ' ', 'D区343号', 0),
('01400', '赣V-W5833', 'A区400号', 1),
('03222', ' ', 'C区222号', 0),
('04012', ' ', 'D区012号', 0),
('03217', ' ', 'C区217号', 0),
('04295', ' ', 'D区295号', 0),
('03085', ' ', 'C区085号', 0),
('02335', '赣Q-Y1730', 'B区335号', 1),
('04196', ' ', 'D区196号', 0),
('03115', ' ', 'C区115号', 0),
('05200', ' ', 'E区200号', 0),
('04224', ' ', 'D区224号', 0),
('03125', ' ', 'C区125号', 0),
('02262', '赣H-T8870', 'B区262号', 1),
('01249', '赣R-P8265', 'A区249号', 1),
('01370', '赣Q-P1466', 'A区370号', 1),
('01348', '赣I-S2129', 'A区348号', 1),
('05160', ' ', 'E区160号', 0),
('01267', '赣T-Q3808', 'A区267号', 1),
('02191', '赣S-R5855', 'B区191号', 1),
('03398', ' ', 'C区398号', 0),
('04241', ' ', 'D区241号', 0),
('03287', ' ', 'C区287号', 0),
('01060', '赣X-S6150', 'A区060号', 1),
('01011', '赣F-C2825', 'A区011号', 1),
('01210', '赣R-G8853', 'A区210号', 1),
('02199', '赣B-P9728', 'B区199号', 1),
('02225', '赣V-U5637', 'B区225号', 1),
('01262', '赣B-T6960', 'A区262号', 1),
('02198', '赣M-W2570', 'B区198号', 1),
('04226', ' ', 'D区226号', 0),
('05117', ' ', 'E区117号', 0),
('01227', '赣C-E5437', 'A区227号', 1),
('05231', ' ', 'E区231号', 0),
('02015', '赣L-N4864', 'B区015号', 1),
('02244', '赣N-Q5311', 'B区244号', 1),
('05087', ' ', 'E区087号', 0),
('02255', '赣T-C9169', 'B区255号', 1),
('02041', '赣G-G9636', 'B区041号', 1),
('05185', ' ', 'E区185号', 0),
('05139', ' ', 'E区139号', 0),
('1', '赣I-S5411', NULL, 1),
('01026', '赣O-I3355', 'A区026号', 1),
('03179', ' ', 'C区179号', 0),
('03340', ' ', 'C区340号', 0),
('01391', '赣R-F0251', 'A区391号', 1),
('04164', ' ', 'D区164号', 0),
('02087', '赣P-M8312', 'B区087号', 1),
('05191', ' ', 'E区191号', 0),
('04030', ' ', 'D区030号', 0),
('02091', '赣K-F7691', 'B区091号', 1),
('03120', ' ', 'C区120号', 0),
('01243', '赣F-M0372', 'A区243号', 1),
('03070', ' ', 'C区070号', 0),
('02396', '赣J-J7916', 'B区396号', 1),
('04309', ' ', 'D区309号', 0),
('02211', '赣E-F9242', 'B区211号', 1),
('04388', ' ', 'D区388号', 0),
('05274', ' ', 'E区274号', 0),
('01136', '赣A-B1582', 'A区136号', 1),
('02340', '赣G-Z9897', 'B区340号', 1),
('01337', '赣O-R2811', 'A区337号', 1),
('05302', ' ', 'E区302号', 0),
('01291', '赣C-P8353', 'A区291号', 1),
('01321', '赣B-Q5280', 'A区321号', 1),
('03119', ' ', 'C区119号', 0),
('02228', '赣M-E7799', 'B区228号', 1),
('01183', '赣S-E3575', 'A区183号', 1),
('02075', '赣O-B4819', 'B区075号', 1),
('02326', '赣D-L7650', 'B区326号', 1),
('04011', ' ', 'D区011号', 0),
('05350', ' ', 'E区350号', 0),
('03001', ' ', 'C区001号', 0),
('01109', '赣A-V6006', 'A区109号', 1),
('02152', '赣Z-B4696', 'B区152号', 1),
('04043', ' ', 'D区043号', 0),
('01224', '赣D-W7449', 'A区224号', 1),
('04305', ' ', 'D区305号', 0),
('02355', '赣K-X2617', 'B区355号', 1),
('04354', ' ', 'D区354号', 0),
('03080', ' ', 'C区080号', 0),
('03295', ' ', 'C区295号', 0),
('04045', ' ', 'D区045号', 0),
('02212', '赣C-A3454', 'B区212号', 1),
('05148', ' ', 'E区148号', 0),
('01394', '赣F-V7911', 'A区394号', 1),
('03395', ' ', 'C区395号', 0),
('01110', '赣M-H9450', 'A区110号', 1),
('02383', '赣X-E9120', 'B区383号', 1),
('04366', ' ', 'D区366号', 0),
('02259', '赣D-X2635', 'B区259号', 1),
('05330', ' ', 'E区330号', 0),
('01238', '赣T-B9954', 'A区238号', 1),
('02286', '赣G-P3879', 'B区286号', 1),
('02316', '赣B-G6063', 'B区316号', 1),
('04360', ' ', 'D区360号', 0),
('02137', '赣I-S5411', NULL, 1),
('k', 'k', NULL, 1);

--
-- 转储表的索引
--

--
-- 表的索引 `blackcar`
--
ALTER TABLE `blackcar`
  ADD PRIMARY KEY (`carID`),
  ADD UNIQUE KEY `time` (`time`);

--
-- 表的索引 `carinfo`
--
ALTER TABLE `carinfo`
  ADD PRIMARY KEY (`carID`),
  ADD UNIQUE KEY `carID` (`carID`);

--
-- 表的索引 `fees`
--
ALTER TABLE `fees`
  ADD PRIMARY KEY (`timeType`),
  ADD UNIQUE KEY `timeType` (`timeType`);

--
-- 表的索引 `manager`
--
ALTER TABLE `manager`
  ADD PRIMARY KEY (`username`);

--
-- 表的索引 `maninfo`
--
ALTER TABLE `maninfo`
  ADD PRIMARY KEY (`carID`),
  ADD UNIQUE KEY `address` (`address`),
  ADD UNIQUE KEY `phone` (`phone`);

--
-- 表的索引 `parkingnote`
--
ALTER TABLE `parkingnote`
  ADD PRIMARY KEY (`stallID`,`carID`,`carIn`),
  ADD UNIQUE KEY `carIn` (`carIn`),
  ADD UNIQUE KEY `carOut` (`carOut`);

--
-- 表的索引 `stall`
--
ALTER TABLE `stall`
  ADD PRIMARY KEY (`stallID`);
COMMIT;

/*!40101 SET CHARACTER_SET_CLIENT=@OLD_CHARACTER_SET_CLIENT */;
/*!40101 SET CHARACTER_SET_RESULTS=@OLD_CHARACTER_SET_RESULTS */;
/*!40101 SET COLLATION_CONNECTION=@OLD_COLLATION_CONNECTION */;
